"Txhash","UnixTimestamp","DateTime","From","To","Value","ContractAddress","TokenName","TokenSymbol"
"0x66703f1f550176f424056933c2d2997fb3f3f2911cb3def43da7c33da4332f07","1602551443","2020-10-13 01:10:43","0xf1f68052615999b186da9b57fda21c4be5972b6b","0x11dabb0c27c005faf3638c357845dc891005ca21","4,319.624664591845983852","0xff185a49ecea99608b5b248ae3ead1811df94c33","ADMX","ADMX"
"0xe099e874d66fe9e386373d392a4d7bb1d3343c41fd62959656cea65b3b4d16bc","1602551901","2020-10-13 01:18:21","0x11dabb0c27c005faf3638c357845dc891005ca21","0xf1f68052615999b186da9b57fda21c4be5972b6b","4,103.64343136225368466","0xff185a49ecea99608b5b248ae3ead1811df94c33","ADMX","ADMX"
"0xe099e874d66fe9e386373d392a4d7bb1d3343c41fd62959656cea65b3b4d16bc","1602551901","2020-10-13 01:18:21","0x11dabb0c27c005faf3638c357845dc891005ca21","0xff185a49ecea99608b5b248ae3ead1811df94c33","107.990616614796149596","0xff185a49ecea99608b5b248ae3ead1811df94c33","ADMX","ADMX"
"0xe099e874d66fe9e386373d392a4d7bb1d3343c41fd62959656cea65b3b4d16bc","1602551901","2020-10-13 01:18:21","0x11dabb0c27c005faf3638c357845dc891005ca21","0x0000000000000000000000000000000000000000","107.990616614796149596","0xff185a49ecea99608b5b248ae3ead1811df94c33","ADMX","ADMX"
"0xe5f4c8c21eec3da07bc79c4ee5546afb850b8593c8cad876fb4b1f354e2ee135","1602552068","2020-10-13 01:21:08","0x450fece6fd9482e583108325b6714fba95d96a21","0x11dabb0c27c005faf3638c357845dc891005ca21","762,886.65989911904472628","0x924618606dfe3c86babe79847407933495aaec6f","Advanced Reserve Currency","ARC"
"0xbbd93710b02e594f4fb6c7ac81f638ce829f4c1d9a83a7fe8a6b1d1ae58506fb","1602552265","2020-10-13 01:24:25","0x11dabb0c27c005faf3638c357845dc891005ca21","0x450fece6fd9482e583108325b6714fba95d96a21","762,886.65989911904472628","0x924618606dfe3c86babe79847407933495aaec6f","Advanced Reserve Currency","ARC"
"0x0cd66045a3c389e62094c27a611cf869c8d6749ba8c3bacddba6c3c8aec8583d","1602552534","2020-10-13 01:28:54","0xf48099b9c6e479d71e15828bc423dcedfe1cf69d","0x11dabb0c27c005faf3638c357845dc891005ca21","18.130090393076280657","0x25598fc5186d3911200afd2d0eca6084c46913f1","OpticalSwitchToken","OST"
"0x149774b2de37f577c6e9ad5f32514ac7cd7027e9fb33f04d051734aefb05e495","1602552765","2020-10-13 01:32:45","0x11dabb0c27c005faf3638c357845dc891005ca21","0xf48099b9c6e479d71e15828bc423dcedfe1cf69d","18.130090393076280657","0x25598fc5186d3911200afd2d0eca6084c46913f1","OpticalSwitchToken","OST"
"0x604c00e615fefdbe59d020ea6e91e5bd684536af7ce583c86407024ee5970866","1602629796","2020-10-13 22:56:36","0xac350eefccdae050614070e5040e17759cebb3e9","0x11dabb0c27c005faf3638c357845dc891005ca21","80.157295712100013687","0xb9871cb10738eada636432e86fc0cb920dc3de24","PRIA","PRIA"
"0xb96c2a1c6f03cd46ede53a9e0a309e08bd9f49efbc7c01641cca8e3c5392eb27","1602629976","2020-10-13 22:59:36","0x11dabb0c27c005faf3638c357845dc891005ca21","0xac350eefccdae050614070e5040e17759cebb3e9","80.157295712100013687","0xb9871cb10738eada636432e86fc0cb920dc3de24","PRIA","PRIA"
"0x2535e00f0abdb60ac22afa46fb7cee91892846d16f0442968721f8c7c362e438","1602632085","2020-10-13 23:34:45","0x569a51f4562b0e9b01617916ef48f34e41d568c7","0x11dabb0c27c005faf3638c357845dc891005ca21","0.793255816266254253","0xb9871cb10738eada636432e86fc0cb920dc3de24","PRIA","PRIA"
"0x6f13efcc68ded9be741f23ecfa07c412e3b9e52698307591a326ffa1e4cd548d","1602680090","2020-10-14 12:54:50","0x3e324bf3c5ce407289717cefb2b70af64aed8120","0x11dabb0c27c005faf3638c357845dc891005ca21","4,906.149636371614903929","0xb1e9157c2fdcc5a856c8da8b2d89b6c32b3c1229","Zenfuse Trading Platform Token","ZEFU"
"0xaad89b185c2c06fde4614a81839c0890860084c2d531c2e179edcd21c97cfa27","1602680298","2020-10-14 12:58:18","0x11dabb0c27c005faf3638c357845dc891005ca21","0x3e324bf3c5ce407289717cefb2b70af64aed8120","4,906.149636371614903929","0xb1e9157c2fdcc5a856c8da8b2d89b6c32b3c1229","Zenfuse Trading Platform Token","ZEFU"
"0x3aeab199bf2309ed91d4c2f5e5a040275c76457615944198f7ea15d45c07ec57","1602681082","2020-10-14 13:11:22","0x3e324bf3c5ce407289717cefb2b70af64aed8120","0x11dabb0c27c005faf3638c357845dc891005ca21","2,884.314257806695927662","0xb1e9157c2fdcc5a856c8da8b2d89b6c32b3c1229","Zenfuse Trading Platform Token","ZEFU"
"0x6f63d2cbb84131cba134ab9b6c8bd4f14b15b1d9cab98c7972621b1046e33aaf","1602681350","2020-10-14 13:15:50","0x11dabb0c27c005faf3638c357845dc891005ca21","0x3e324bf3c5ce407289717cefb2b70af64aed8120","2,884.314257806695927662","0xb1e9157c2fdcc5a856c8da8b2d89b6c32b3c1229","Zenfuse Trading Platform Token","ZEFU"
"0x4a0b8905bf17db515c101cd2aa8cb64770da22df4dfd10fbb18a0b34a99d6883","1602681817","2020-10-14 13:23:37","0x3e324bf3c5ce407289717cefb2b70af64aed8120","0x11dabb0c27c005faf3638c357845dc891005ca21","3,388.989105105336457706","0xb1e9157c2fdcc5a856c8da8b2d89b6c32b3c1229","Zenfuse Trading Platform Token","ZEFU"
"0xcf0501c4c7fe2d287f3ebe0cbc5fe64472768e3241a6c3dbbc7e249d76a509d6","1602682432","2020-10-14 13:33:52","0x11dabb0c27c005faf3638c357845dc891005ca21","0x3e324bf3c5ce407289717cefb2b70af64aed8120","3,388.989105105336457706","0xb1e9157c2fdcc5a856c8da8b2d89b6c32b3c1229","Zenfuse Trading Platform Token","ZEFU"
"0xf75af2e3d0fdea191dc1f14885796f61f495ca0f9a3e5f7b95235011b9f0eb90","1602706303","2020-10-14 20:11:43","0x7d2cfe2e5f8a0318c707a4004c615ec8821daf41","0x11dabb0c27c005faf3638c357845dc891005ca21","0.209581456930592877","0x102104863370f466b1ed0e7f6cbc50c9342a4f7c","photon.finance","PHOTON"
"0xc4f6224ae5951ba9ca0d24f135a4b91883e090952a9b8172484ae8826ce0f64d","1602706586","2020-10-14 20:16:26","0x11dabb0c27c005faf3638c357845dc891005ca21","0x7d2cfe2e5f8a0318c707a4004c615ec8821daf41","0.199102384084063227","0x102104863370f466b1ed0e7f6cbc50c9342a4f7c","photon.finance","PHOTON"
"0xc4f6224ae5951ba9ca0d24f135a4b91883e090952a9b8172484ae8826ce0f64d","1602706586","2020-10-14 20:16:26","0x11dabb0c27c005faf3638c357845dc891005ca21","0x8aabd861160e54d849f4999a7d41e96bbbbc0344","0.005239536423264825","0x102104863370f466b1ed0e7f6cbc50c9342a4f7c","photon.finance","PHOTON"
"0xc4f6224ae5951ba9ca0d24f135a4b91883e090952a9b8172484ae8826ce0f64d","1602706586","2020-10-14 20:16:26","0x11dabb0c27c005faf3638c357845dc891005ca21","0x0000000000000000000000000000000000000000","0.005239536423264825","0x102104863370f466b1ed0e7f6cbc50c9342a4f7c","photon.finance","PHOTON"
"0x354a07a1e583c2b3c1443dd6ab87cf4397d3b320e4c97297fad0c330c4d45128","1602712859","2020-10-14 22:00:59","0x7d2cfe2e5f8a0318c707a4004c615ec8821daf41","0x11dabb0c27c005faf3638c357845dc891005ca21","0.277086314375047333","0x102104863370f466b1ed0e7f6cbc50c9342a4f7c","photon.finance","PHOTON"
"0x45ed3829c7bb6a982081e4c7bdcc3171edc48d32fd71bd2792f5684946ba6092","1602713131","2020-10-14 22:05:31","0x11dabb0c27c005faf3638c357845dc891005ca21","0x7d2cfe2e5f8a0318c707a4004c615ec8821daf41","0.263231998656294958","0x102104863370f466b1ed0e7f6cbc50c9342a4f7c","photon.finance","PHOTON"
"0x45ed3829c7bb6a982081e4c7bdcc3171edc48d32fd71bd2792f5684946ba6092","1602713131","2020-10-14 22:05:31","0x11dabb0c27c005faf3638c357845dc891005ca21","0x8aabd861160e54d849f4999a7d41e96bbbbc0344","0.006927157859376187","0x102104863370f466b1ed0e7f6cbc50c9342a4f7c","photon.finance","PHOTON"
"0x45ed3829c7bb6a982081e4c7bdcc3171edc48d32fd71bd2792f5684946ba6092","1602713131","2020-10-14 22:05:31","0x11dabb0c27c005faf3638c357845dc891005ca21","0x0000000000000000000000000000000000000000","0.006927157859376187","0x102104863370f466b1ed0e7f6cbc50c9342a4f7c","photon.finance","PHOTON"
"0x13e40d2a6ba92b749f963b5a886f65307150f4c0a0dccbdd46c20d0071bda97c","1602723384","2020-10-15 00:56:24","0x28fc56669ee5dab461d6ad678c483d544cd5f15b","0x11dabb0c27c005faf3638c357845dc891005ca21","351.2689462872718118","0x36d11542a756c2bbfc0e63ed5fe8f800c244cf22","Lami","LAMI"
"0x64f56e56a285a3e3833055000180afe7ed16f034e61c630888f047f51a30b802","1602723629","2020-10-15 01:00:29","0x11dabb0c27c005faf3638c357845dc891005ca21","0x28fc56669ee5dab461d6ad678c483d544cd5f15b","351.2689462872718118","0x36d11542a756c2bbfc0e63ed5fe8f800c244cf22","Lami","LAMI"
"0x1f3134990a00d4afe9d0cef098a3198824a96f8b2a05aaabf948ab9cbd5d0875","1602725987","2020-10-15 01:39:47","0x0d4a11d5eeaac28ec3f61d100daf4d40471f1852","0x11dabb0c27c005faf3638c357845dc891005ca21","6,771.198854","0xdac17f958d2ee523a2206206994597c13d831ec7","Tether USD","USDT"
"0xcdbee6079ee05cd26210f0823137b6a40c7eb7d9ad2b8c595c8477508f373788","1602761760","2020-10-15 11:36:00","0x11dabb0c27c005faf3638c357845dc891005ca21","0x0d4a11d5eeaac28ec3f61d100daf4d40471f1852","6,771.198854","0xdac17f958d2ee523a2206206994597c13d831ec7","Tether USD","USDT"
"0xca91d457537834fd3bdcabadb87213796edff62a3fcf0f330bf89a989a0c7268","1602769480","2020-10-15 13:44:40","0xbb8a1873c709f3acea0200e98cf7b5536a65002e","0x11dabb0c27c005faf3638c357845dc891005ca21","1.963580682640553762","0xb244ac0f3ee2e9cae5dfdde5dab8d49fa467e1a9","XCORE","XCORE"
"0x286a0b5f12f76fc1c96ad8e3a22d4d2a15aabe7bcd58703d4d670e3a929fc7c7","1602769934","2020-10-15 13:52:14","0x11dabb0c27c005faf3638c357845dc891005ca21","0xbb8a1873c709f3acea0200e98cf7b5536a65002e","1.914491165574539918","0xb244ac0f3ee2e9cae5dfdde5dab8d49fa467e1a9","XCORE","XCORE"
"0x286a0b5f12f76fc1c96ad8e3a22d4d2a15aabe7bcd58703d4d670e3a929fc7c7","1602769934","2020-10-15 13:52:14","0x11dabb0c27c005faf3638c357845dc891005ca21","0x4324584672dc0f601e027fbf6a7eab6ada394bca","0.049089517066013844","0xb244ac0f3ee2e9cae5dfdde5dab8d49fa467e1a9","XCORE","XCORE"
"0x88899af54cd67df1931bdf5f8bad73fe41725eac1fe1ca5348d25599e5f75419","1602788612","2020-10-15 19:03:32","0x23d15edceb5b5b3a23347fa425846de80a2e8e5c","0x11dabb0c27c005faf3638c357845dc891005ca21","186.530257687867107297","0xeef9f339514298c6a857efcfc1a762af84438dee","Hermez Network Token","HEZ"
"0xf5893559ca3d5593c1f0fa46724dde71ef1bceff667d8f9d925326481df607f4","1602788741","2020-10-15 19:05:41","0x11dabb0c27c005faf3638c357845dc891005ca21","0x23d15edceb5b5b3a23347fa425846de80a2e8e5c","186.530257687867107297","0xeef9f339514298c6a857efcfc1a762af84438dee","Hermez Network Token","HEZ"
"0x316da6797b61ecf175452cfc55ebf48e9675f33bcde0ef678ccbf7e5e54b6c3c","1602789143","2020-10-15 19:12:23","0x386c98653e536fba33d1263adbcaf8e5d6f635fb","0x11dabb0c27c005faf3638c357845dc891005ca21","6.285534403011547383","0x6051c1354ccc51b4d561e43b02735deae64768b8","yRise.Finance","yRise"
"0x7c22b2d448fc7c78d92a249990f8649c38270c311ad0f83c39453f8a1938ccbe","1602789780","2020-10-15 19:23:00","0x11dabb0c27c005faf3638c357845dc891005ca21","0x386c98653e536fba33d1263adbcaf8e5d6f635fb","6.285534403011547383","0x6051c1354ccc51b4d561e43b02735deae64768b8","yRise.Finance","yRise"
"0xe4d8bdbff1e89c8832de5d973fd585d6235e1b8da691250bb0bab0c9d6e3eb5f","1602803237","2020-10-15 23:07:17","0x5ca38529875e1f9b96b6dde0fb1a35eaaf2066e9","0x11dabb0c27c005faf3638c357845dc891005ca21","10","0x6dae2a082c80ed90bcf9128e2ef1d89053f50b67","LAZARUS","LZRS"
"0x463a86158ac48e45472e53866b671877d3a14298fcaa56a7cc810b2699b48c1d","1602804040","2020-10-15 23:20:40","0x23d15edceb5b5b3a23347fa425846de80a2e8e5c","0x11dabb0c27c005faf3638c357845dc891005ca21","1,477.312052935243084725","0xeef9f339514298c6a857efcfc1a762af84438dee","Hermez Network Token","HEZ"
"0xd8de60a69dff829348a799c019c9cbf4d9b50f5131cf5de5fc66397efd791e2f","1602804302","2020-10-15 23:25:02","0x11dabb0c27c005faf3638c357845dc891005ca21","0x23d15edceb5b5b3a23347fa425846de80a2e8e5c","1,477.312052935243084725","0xeef9f339514298c6a857efcfc1a762af84438dee","Hermez Network Token","HEZ"
"0x4868ff204dc28d04d5f56d10aa2f77ab9785fd5667fc22c69c1021f223d9ff69","1602867444","2020-10-16 16:57:24","0x65872cc4ba2fdc27cef0d8fc43b52e91288a5cd5","0x11dabb0c27c005faf3638c357845dc891005ca21","10,000","0x6c4522f0035bed2180b40f4c5d9dbaab64b41325","Passport Finance","PASS"
"0xe26834b38bb141049b1a2efaded811d0fe709a33c0ef855e2ecd8f5311c8d094","1602882345","2020-10-16 21:05:45","0xa198f36e3648dd16e75d721f0c6516e00e9ca053","0x11dabb0c27c005faf3638c357845dc891005ca21","135.583889707241442992","0x90b426067be0b0ff5de257bc4dd6a4815ea03b5f","Strain","STRN"
"0x97bdf1dab049304cb8c4d07a02cad6fc5465351e9fe0ed958aa8d92518f916a5","1602882442","2020-10-16 21:07:22","0x11dabb0c27c005faf3638c357845dc891005ca21","0x26cf2e9c9b1dc3a0cf1d0726e36e19fe16b1e94f","10,000","0x6c4522f0035bed2180b40f4c5d9dbaab64b41325","Passport Finance","PASS"
"0xd4977af03176e4ee44255951621e4bbf03140552f4a4023a6ab0bd3a78dcb473","1602882852","2020-10-16 21:14:12","0x11dabb0c27c005faf3638c357845dc891005ca21","0xa198f36e3648dd16e75d721f0c6516e00e9ca053","135.583889707241442992","0x90b426067be0b0ff5de257bc4dd6a4815ea03b5f","Strain","STRN"
"0xf4fbf91f420065aea1318fbcd337284333321b57d6c7ee00406bcc33073d1606","1602889073","2020-10-16 22:57:53","0x11dabb0c27c005faf3638c357845dc891005ca21","0xa908fad532f5f58cef5d1cf07c5b9844b6aa1b60","10","0x6dae2a082c80ed90bcf9128e2ef1d89053f50b67","LAZARUS","LZRS"
"0x391cf04433a53369b79bc83b736321af21e291af4e560be523b2acb4fc968e9c","1603027368","2020-10-18 13:22:48","0x2b5e8f822b561c60add1373419896037486cf727","0x11dabb0c27c005faf3638c357845dc891005ca21","24.29493364360805209","0xb8ae11eb71755f57f498f6ac2008741928cd54ec","Pinky Promise Token","PINKY"
"0xe926fccb76ea960b8bdaa9d3e7915a574d515bad2083649d173e0c2c9cfd478e","1603028297","2020-10-18 13:38:17","0x11dabb0c27c005faf3638c357845dc891005ca21","0x0000000000000000000000000000000000000000","0.485898672872161041","0xb8ae11eb71755f57f498f6ac2008741928cd54ec","Pinky Promise Token","PINKY"
"0xe926fccb76ea960b8bdaa9d3e7915a574d515bad2083649d173e0c2c9cfd478e","1603028297","2020-10-18 13:38:17","0x11dabb0c27c005faf3638c357845dc891005ca21","0x2b5e8f822b561c60add1373419896037486cf727","23.809034970735891049","0xb8ae11eb71755f57f498f6ac2008741928cd54ec","Pinky Promise Token","PINKY"
"0x7a7230ac8123949d7d66a207a173f2b592d139b7cd07a00596299b21d279249c","1603054149","2020-10-18 20:49:09","0x2b5e8f822b561c60add1373419896037486cf727","0x11dabb0c27c005faf3638c357845dc891005ca21","39.796342207473937682","0xb8ae11eb71755f57f498f6ac2008741928cd54ec","Pinky Promise Token","PINKY"
"0x765b704fcb4e67cb61479ca8002491472af965a60ba212064045b0ad82dd98a7","1603055425","2020-10-18 21:10:25","0x11dabb0c27c005faf3638c357845dc891005ca21","0x0000000000000000000000000000000000000000","0.795926844149478753","0xb8ae11eb71755f57f498f6ac2008741928cd54ec","Pinky Promise Token","PINKY"
"0x765b704fcb4e67cb61479ca8002491472af965a60ba212064045b0ad82dd98a7","1603055425","2020-10-18 21:10:25","0x11dabb0c27c005faf3638c357845dc891005ca21","0x2b5e8f822b561c60add1373419896037486cf727","39.000415363324458929","0xb8ae11eb71755f57f498f6ac2008741928cd54ec","Pinky Promise Token","PINKY"
"0xc1b8c40cf7191593ac455aea68713e9240852edc669995a763b114b36ba5d567","1603211786","2020-10-20 16:36:26","0xa4d8af82eafe87aea2216c5bd001ddd9e9467cf2","0x11dabb0c27c005faf3638c357845dc891005ca21","32.09039974930669688","0x92b340046ae243f276f7393d193f1b6f8ec4dc5b","BOOMswap.org","BOOM"
"0xff9938ec7182d8f3f3cfe153b739aaf925dd54fb1020ee7fe6f2890648d001cf","1603212000","2020-10-20 16:40:00","0xf115b57f1379f550110c4694615ae87e211c04b5","0x11dabb0c27c005faf3638c357845dc891005ca21","1.758401746264822889","0xf2b369e325118fc5a5b64bd730056b45577a53e8","Gordon","GEKKO"
"0x73e4fa95614c1b94f141979f5a149fdd3ad3e01e993d556b4bbb8f239cba67d7","1603212050","2020-10-20 16:40:50","0x11dabb0c27c005faf3638c357845dc891005ca21","0x0000000000000000000000000000000000000000","0.641807994986133937","0x92b340046ae243f276f7393d193f1b6f8ec4dc5b","BOOMswap.org","BOOM"
"0x73e4fa95614c1b94f141979f5a149fdd3ad3e01e993d556b4bbb8f239cba67d7","1603212050","2020-10-20 16:40:50","0x11dabb0c27c005faf3638c357845dc891005ca21","0xa4d8af82eafe87aea2216c5bd001ddd9e9467cf2","31.448591754320562943","0x92b340046ae243f276f7393d193f1b6f8ec4dc5b","BOOMswap.org","BOOM"
"0xdae82423657c625e84b2bb20628371a84429c25cc123178fede375372b3193c8","1603212182","2020-10-20 16:43:02","0x11dabb0c27c005faf3638c357845dc891005ca21","0xf115b57f1379f550110c4694615ae87e211c04b5","1.582561571638340601","0xf2b369e325118fc5a5b64bd730056b45577a53e8","Gordon","GEKKO"
"0xdae82423657c625e84b2bb20628371a84429c25cc123178fede375372b3193c8","1603212182","2020-10-20 16:43:02","0x11dabb0c27c005faf3638c357845dc891005ca21","0x7adcf2ce61c520dc55a8ac10c87344b1566d6e1d","0.14067213970118583","0xf2b369e325118fc5a5b64bd730056b45577a53e8","Gordon","GEKKO"
"0xdae82423657c625e84b2bb20628371a84429c25cc123178fede375372b3193c8","1603212182","2020-10-20 16:43:02","0x11dabb0c27c005faf3638c357845dc891005ca21","0x0000000000000000000000000000000000000000","0.035168034925296457","0xf2b369e325118fc5a5b64bd730056b45577a53e8","Gordon","GEKKO"
"0x2f6df8cf3125dec1f6cfb70ebe6ffbf885101b7416c0552b5bcc576a444b8193","1603223810","2020-10-20 19:56:50","0xcc359e1142ebd9c0abba0dd8018a7fb10f441114","0x11dabb0c27c005faf3638c357845dc891005ca21","17.524218593895025031","0x0daf236eb3bcde380d712b13d1d072c1eee3ad98","Motherbase","MSF"
"0xa510000a40e0d877e7f2294d46a46b0197d65c09b4d02b0a5e571cd70a1ddb77","1603224150","2020-10-20 20:02:30","0x11dabb0c27c005faf3638c357845dc891005ca21","0xcc359e1142ebd9c0abba0dd8018a7fb10f441114","17.524218593895025031","0x0daf236eb3bcde380d712b13d1d072c1eee3ad98","Motherbase","MSF"
"0x86ed742ac79e38f38639a1e714bc41ba1176a3cea04765b6a27a82d9b869dae9","1603225793","2020-10-20 20:29:53","0x3e72670d1df1342caf1b16a6ba02b09c233958de","0x11dabb0c27c005faf3638c357845dc891005ca21","105.680103918800714569","0x367df857a331ff515eb904f95f36a5ef3d4f3a63","D3fi","D3FI"
"0x1a1fc6532b606205bec7d3acaa537014b1492d0e7dce9df128238a3c8bda8b17","1603226314","2020-10-20 20:38:34","0x11dabb0c27c005faf3638c357845dc891005ca21","0x3e72670d1df1342caf1b16a6ba02b09c233958de","50","0x367df857a331ff515eb904f95f36a5ef3d4f3a63","D3fi","D3FI"
"0x2f96176f1c5e7c47e258236010ad62d80bb7f579ad5b52eef2d113ce286d1e97","1603226386","2020-10-20 20:39:46","0x11dabb0c27c005faf3638c357845dc891005ca21","0x3e72670d1df1342caf1b16a6ba02b09c233958de","55.680103918800714569","0x367df857a331ff515eb904f95f36a5ef3d4f3a63","D3fi","D3FI"
"0x5a238dce5834b8ea45da1373e32ce4121499e057bcfb07124af9781f45e94a11","1603227758","2020-10-20 21:02:38","0xfc6dc3f52d32f3c20b61c06f76d0d7677659796d","0x11dabb0c27c005faf3638c357845dc891005ca21","18.191660260260532636","0x692cc79bcb007c2b9ef7c4e6b6eb2d72994b4b9a","Poker Swap","POKER"
"0xfe8c1d6733181e5292ec10f7e0e6ff95cdbff6660b7b7b74190a5acf3f1084b0","1603228116","2020-10-20 21:08:36","0x11dabb0c27c005faf3638c357845dc891005ca21","0xfc6dc3f52d32f3c20b61c06f76d0d7677659796d","18.191660260260532636","0x692cc79bcb007c2b9ef7c4e6b6eb2d72994b4b9a","Poker Swap","POKER"
"0x132b437ff4ec030b16eb6b98869a44faa63ae21bdbc4cda55ec3dba339baabce","1603240901","2020-10-21 00:41:41","0x0000000000000000000000000000000000000000","0x11dabb0c27c005faf3638c357845dc891005ca21","200,000","0x66688b0492d2dedb68caf9ba381de3bbde36778a","ENOKi.FİNANCE","ENK"
"0x860944f383f75d94c187bf8ee1b927b0cff4be935844b9d276b2c4e38122c538","1603241098","2020-10-21 00:44:58","0x11dabb0c27c005faf3638c357845dc891005ca21","0x524ab6fb174a3ebccf53bddd86d9b25fc2b459f9","500","0x66688b0492d2dedb68caf9ba381de3bbde36778a","ENOKi.FİNANCE","ENK"
"0x860944f383f75d94c187bf8ee1b927b0cff4be935844b9d276b2c4e38122c538","1603241098","2020-10-21 00:44:58","0x0000000000000000000000000000000000000000","0x11dabb0c27c005faf3638c357845dc891005ca21","38.729833462074167851","0x524ab6fb174a3ebccf53bddd86d9b25fc2b459f9","Uniswap V2","UNI-V2"
"0xc0d555465bc61e2c1e762ba3ad25931d98502c47248ff24e49f79e53cf73a0e3","1603241386","2020-10-21 00:49:46","0x11dabb0c27c005faf3638c357845dc891005ca21","0x524ab6fb174a3ebccf53bddd86d9b25fc2b459f9","38.729833462074167851","0x524ab6fb174a3ebccf53bddd86d9b25fc2b459f9","Uniswap V2","UNI-V2"
"0xc0d555465bc61e2c1e762ba3ad25931d98502c47248ff24e49f79e53cf73a0e3","1603241386","2020-10-21 00:49:46","0x7a250d5630b4cf539739df2c5dacb4c659f2488d","0x11dabb0c27c005faf3638c357845dc891005ca21","499.99999999999998709","0x66688b0492d2dedb68caf9ba381de3bbde36778a","ENOKi.FİNANCE","ENK"
"0x92db3fbae1acc045003b256f7ead9fbbbb92d4728f249b9cc47a076e1ba92815","1603241935","2020-10-21 00:58:55","0x80cf0e3c127d86d7a97eafa53aed1ac21fa8fd12","0x11dabb0c27c005faf3638c357845dc891005ca21","0.380794946992393409","0x08210dadf3b2d89706725390cb89305bb764a230","FYRE","FYRE"
"0x8e4fedea21009ee4b021a53fde9d19dde5ad576602f3794e1e91853390bbb207","1603242506","2020-10-21 01:08:26","0x08210dadf3b2d89706725390cb89305bb764a230","0x11dabb0c27c005faf3638c357845dc891005ca21","0.003525879138818404","0x08210dadf3b2d89706725390cb89305bb764a230","FYRE","FYRE"
"0x8e4fedea21009ee4b021a53fde9d19dde5ad576602f3794e1e91853390bbb207","1603242506","2020-10-21 01:08:26","0x11dabb0c27c005faf3638c357845dc891005ca21","0x80cf0e3c127d86d7a97eafa53aed1ac21fa8fd12","0.380794946992393409","0x08210dadf3b2d89706725390cb89305bb764a230","FYRE","FYRE"
"0x7decc790e59f38b0c043d6b669d6309bd19d5479e38a5880f04db25472eea411","1603267821","2020-10-21 08:10:21","0x24d65e8cbb13f9e2f200c99d312b9ec334db6e44","0x11dabb0c27c005faf3638c357845dc891005ca21","500","0x8ef59fe0cd68493ae684e69586b950710eddd61b","Exchain Global","EXG"
"0x615ad031dc78880b44f7d7f2662a1e40ed1bc8de31fb0ccf0bbc78cd47e6c5b3","1603304883","2020-10-21 18:28:03","0x931be9001a966600a87d1a5b1d61243d5f255eb8","0x11dabb0c27c005faf3638c357845dc891005ca21","5.761538252769729431","0x82207d50236acc125656a1085c8ff62f1efa2878","SealCore","SECO"
"0x4672ee7dbe2bcb7e59777050bace6939d772fe0b51d3d0318c90d67e86ea7a77","1603305170","2020-10-21 18:32:50","0x11dabb0c27c005faf3638c357845dc891005ca21","0x931be9001a966600a87d1a5b1d61243d5f255eb8","5.761538252769729431","0x82207d50236acc125656a1085c8ff62f1efa2878","SealCore","SECO"
"0x469a3b671085efd58c65ecfff493209147aa2b99647a630319b3093b198cb2a1","1603308667","2020-10-21 19:31:07","0xaf9c9d8cb95bd9fd6b86dc88b3f00f603d6407bb","0x11dabb0c27c005faf3638c357845dc891005ca21","2.92927619","0x3dc98697894d276a7d4762deb1dece69041581e2","iCORE","iCORE"
"0x701b47acf8513d3c0e213b349ae3462f62c15d730a9c993f8b81dbd65d3c5114","1603313404","2020-10-21 20:50:04","0x93c8fcd19a4177ae8eab99d4c0223bb718a61406","0x11dabb0c27c005faf3638c357845dc891005ca21","1,184.534086105295215252","0x791ee64115f8965aa85c96655eebd02f81fb02ac","UniLaunchpad.com | RELIANCE","RELI"
"0xddd4aa80fbfdc4ed29582dbfbaa64b1dd6e1b4b762804797e9a7871b16566cb5","1603313566","2020-10-21 20:52:46","0x11dabb0c27c005faf3638c357845dc891005ca21","0x93c8fcd19a4177ae8eab99d4c0223bb718a61406","1,125.30738180003045449","0x791ee64115f8965aa85c96655eebd02f81fb02ac","UniLaunchpad.com | RELIANCE","RELI"
"0xddd4aa80fbfdc4ed29582dbfbaa64b1dd6e1b4b762804797e9a7871b16566cb5","1603313566","2020-10-21 20:52:46","0x11dabb0c27c005faf3638c357845dc891005ca21","0x0000000000000000000000000000000000000000","59.226704305264760762","0x791ee64115f8965aa85c96655eebd02f81fb02ac","UniLaunchpad.com | RELIANCE","RELI"
"0x27716879df9f9b8de2e26554b69e645d873045552764ac41f15710f33ebda60b","1603317913","2020-10-21 22:05:13","0x11dabb0c27c005faf3638c357845dc891005ca21","0xaf9c9d8cb95bd9fd6b86dc88b3f00f603d6407bb","2.92927619","0x3dc98697894d276a7d4762deb1dece69041581e2","iCORE","iCORE"
"0x90565bf9fc155d07ab3b72bcab82cf9aa004aa833e9a9597f2b8d94eace51271","1603317956","2020-10-21 22:05:56","0x1f6f8819d5056c3a52d75c1f3b9f8fe6c0ecd9a5","0x11dabb0c27c005faf3638c357845dc891005ca21","26.851917216634886835","0xa75698159a42cb29ee1b77b3dc00a5d67761aa7f","Jokers Finance","JOKER"
"0xfb0102575f379174410937d265c76d5d4575736f00d97466cc207178e1a3c9bc","1603318548","2020-10-21 22:15:48","0x11dabb0c27c005faf3638c357845dc891005ca21","0x1f6f8819d5056c3a52d75c1f3b9f8fe6c0ecd9a5","26.851917216634886835","0xa75698159a42cb29ee1b77b3dc00a5d67761aa7f","Jokers Finance","JOKER"
"0x2f406273338559567fa98abcdd6d6ce0642bb243cb4433589e13efa7abdb41ce","1603322377","2020-10-21 23:19:37","0x567747ef2d2b23fa651178f754069111d3b91fd2","0x11dabb0c27c005faf3638c357845dc891005ca21","2.014315687515402899","0x3642a41e430cd75663cd4e951b45514ab43e590a","FuckCryptoTwitter Token","FCT"
"0x4b2a6a5f1c44d93b8296d047f65b9fa337f26008aa97f53d136ff2f94ec8b7b3","1603322693","2020-10-21 23:24:53","0x11dabb0c27c005faf3638c357845dc891005ca21","0x567747ef2d2b23fa651178f754069111d3b91fd2","1.974029373765094899","0x3642a41e430cd75663cd4e951b45514ab43e590a","FuckCryptoTwitter Token","FCT"
"0x4b2a6a5f1c44d93b8296d047f65b9fa337f26008aa97f53d136ff2f94ec8b7b3","1603322693","2020-10-21 23:24:53","0x11dabb0c27c005faf3638c357845dc891005ca21","0x3fd6139e858662f24e8ea125ec27a0ffaf8b61af","0.040286313750308","0x3642a41e430cd75663cd4e951b45514ab43e590a","FuckCryptoTwitter Token","FCT"
"0x79cf78ff94fb3d890e75c64cde32d1da72b9380bea4095c23a7abd03627ecea5","1603323215","2020-10-21 23:33:35","0xd1a231da5d9a35e4b8d4aef157feae652055063c","0x11dabb0c27c005faf3638c357845dc891005ca21","1,561.058349072161477549","0x6603ff8fa58639a89a197491309572e70b8ed12b","antiRUG","ARUG"
"0x56686b7e5378498b7b95f764a5c5b220aee916f92f5a0611c86aa061d6c3236b","1603324115","2020-10-21 23:48:35","0x1b44c02baca7760e765b2869bc6d1306c5d5847e","0x11dabb0c27c005faf3638c357845dc891005ca21","39.225336161462922506","0x74603e780545d02c4257e7d2be19c74de7be1952","ETG Finance","ETGF"
"0x91c85dbe6be12f62b606f7a5f6df3e7ce449ce4d071001e9939623bdf93833b4","1603328268","2020-10-22 00:57:48","0x11dabb0c27c005faf3638c357845dc891005ca21","0x1b44c02baca7760e765b2869bc6d1306c5d5847e","39.225336161462922506","0x74603e780545d02c4257e7d2be19c74de7be1952","ETG Finance","ETGF"
"0xb6bb70d93f7d4bad2ca09e556fd99de53b605e6708235d2a193d4c77ff517775","1603393582","2020-10-22 19:06:22","0x3eb9833bbea994287a2227e3feba0d3dc5d99f05","0x11dabb0c27c005faf3638c357845dc891005ca21","23.356909736891323069","0xa4bad5d040d4464ec5ce130987731f2f428c9307","SporeFinance","SPORE"
"0x211b3fe6260bcce7090bceec70077c0366c52c4388563c11b2f4400da4dea6ac","1603394079","2020-10-22 19:14:39","0x11dabb0c27c005faf3638c357845dc891005ca21","0x3eb9833bbea994287a2227e3feba0d3dc5d99f05","23.356909736891323069","0xa4bad5d040d4464ec5ce130987731f2f428c9307","SporeFinance","SPORE"
"0x941da535b79ba07042305ad6244cf1b8f8bcb7cff5a8a2c8e3f73a34573daac0","1603400916","2020-10-22 21:08:36","0x129c9d3df4bf135380b2c3c7ff0cc216e3a2c875","0x11dabb0c27c005faf3638c357845dc891005ca21","140,594.644382303850820831","0x703a3f8eb79ff628f8011a43bd025a274db3d997","NoPenguin","NPENG"
"0x1996486012bb5cdacce2d482bcd20052737a9422d2198c3be64789bf5fff66f1","1603401293","2020-10-22 21:14:53","0x11dabb0c27c005faf3638c357845dc891005ca21","0x129c9d3df4bf135380b2c3c7ff0cc216e3a2c875","133,564.91216318865827979","0x703a3f8eb79ff628f8011a43bd025a274db3d997","NoPenguin","NPENG"
"0x1996486012bb5cdacce2d482bcd20052737a9422d2198c3be64789bf5fff66f1","1603401293","2020-10-22 21:14:53","0x11dabb0c27c005faf3638c357845dc891005ca21","0x0000000000000000000000000000000000000000","7,029.732219115192541041","0x703a3f8eb79ff628f8011a43bd025a274db3d997","NoPenguin","NPENG"
"0x81e7a9200d164bb5f43450b5439842030855566ab23d1129fa3591a0afa8c5d9","1603402053","2020-10-22 21:27:33","0x4faf51e00082c41b08e87bb89d11e9c71fb888b5","0x11dabb0c27c005faf3638c357845dc891005ca21","0.762689843912237691","0x0dafe2b22323dac2940d43cede16cd8790c5d4e6","Charged.Finance","CHARGED"
"0xac76426a6e6e1faaa1bea4888efca3db32288588292bd37e75f2117af60be1d4","1603402302","2020-10-22 21:31:42","0x11dabb0c27c005faf3638c357845dc891005ca21","0x0000000000000000000000000000000000000000","0.015253796878244753","0x0dafe2b22323dac2940d43cede16cd8790c5d4e6","Charged.Finance","CHARGED"
"0xac76426a6e6e1faaa1bea4888efca3db32288588292bd37e75f2117af60be1d4","1603402302","2020-10-22 21:31:42","0x11dabb0c27c005faf3638c357845dc891005ca21","0x4faf51e00082c41b08e87bb89d11e9c71fb888b5","0.747436047033992938","0x0dafe2b22323dac2940d43cede16cd8790c5d4e6","Charged.Finance","CHARGED"
"0x924cba1fb53716e5c3a053706f63f0249fdcdf6ae72685d538054ce6212baf21","1603402902","2020-10-22 21:41:42","0xfc2903fa0ee403b0e49cc7fb0919f04c4a49ee28","0x11dabb0c27c005faf3638c357845dc891005ca21","17,222.693790032544212136","0x3ee13a7ff33578e979e934f9298375225e6634e3","certik.foundation","CTK"
"0x1f51486a529e0889c724fce80633f77ec2442e8d91ff16c01f2814969d2b3590","1603406446","2020-10-22 22:40:46","0x1b95c52ea8c5bedf88e975657ac915780726207d","0x11dabb0c27c005faf3638c357845dc891005ca21","18.508025607276908251","0x5a7d4a9606e9cf869f3a71a21f617915abdd3e74","reCYCLE","rCYCL"
"0x469bf01c0da83ae9c7b46f506aa85689edeeb58431121923d08798ee70835edc","1603406758","2020-10-22 22:45:58","0x11dabb0c27c005faf3638c357845dc891005ca21","0x1b95c52ea8c5bedf88e975657ac915780726207d","18.137865095131370085","0x5a7d4a9606e9cf869f3a71a21f617915abdd3e74","reCYCLE","rCYCL"
"0x469bf01c0da83ae9c7b46f506aa85689edeeb58431121923d08798ee70835edc","1603406758","2020-10-22 22:45:58","0x11dabb0c27c005faf3638c357845dc891005ca21","0x0000000000000000000000000000000000000000","0.370160512145538166","0x5a7d4a9606e9cf869f3a71a21f617915abdd3e74","reCYCLE","rCYCL"
"0xd3c7ae306c144724566313fd7c7cccfd6278457d8772c31fe787f48c8140883c","1603413152","2020-10-23 00:32:32","0x0000000000000000000000000000000000000000","0x11dabb0c27c005faf3638c357845dc891005ca21","3,500","0x00ebca566888012bcca521cba2c3291ddd28b958","YFSynergy","YFSG"
"0xc78a6bff2ebce6793f09ac852b6c34452c9301015b76038c234637e617b2dd4a","1603413228","2020-10-23 00:33:48","0x11dabb0c27c005faf3638c357845dc891005ca21","0xf5812dd181f4dbe7899250fc4106902b3d324c5d","3,500","0x00ebca566888012bcca521cba2c3291ddd28b958","YFSynergy","YFSG"
"0xc78a6bff2ebce6793f09ac852b6c34452c9301015b76038c234637e617b2dd4a","1603413228","2020-10-23 00:33:48","0x0000000000000000000000000000000000000000","0x11dabb0c27c005faf3638c357845dc891005ca21","236.643191323984640702","0xf5812dd181f4dbe7899250fc4106902b3d324c5d","Uniswap V2","UNI-V2"
"0x90d24662648f2c37a829c9a11eac4c96d2ce48531eaa0512b80b812db84a0883","1603413729","2020-10-23 00:42:09","0x11dabb0c27c005faf3638c357845dc891005ca21","0xf5812dd181f4dbe7899250fc4106902b3d324c5d","236.643191323984640702","0xf5812dd181f4dbe7899250fc4106902b3d324c5d","Uniswap V2","UNI-V2"
"0x90d24662648f2c37a829c9a11eac4c96d2ce48531eaa0512b80b812db84a0883","1603413729","2020-10-23 00:42:09","0x7a250d5630b4cf539739df2c5dacb4c659f2488d","0x11dabb0c27c005faf3638c357845dc891005ca21","3,430.459412107871298618","0x00ebca566888012bcca521cba2c3291ddd28b958","YFSynergy","YFSG"
"0x4a5a8e8314a9ce3c3a3bc855d2848106a1f8cc44b28d8bda887e34e9bf6b1629","1603414602","2020-10-23 00:56:42","0x3d3ee86a2127f4d20b1c533e2c1abd8040da1dd9","0x11dabb0c27c005faf3638c357845dc891005ca21","3.114458788079507299","0x12d102f06da35cc0111eb58017fd2cd28537d0e1","Vox.Finance","VOX"
"0x6793cf168077725494c98378830fc5fa150ce5796bf388b9d021b1a0d6be3509","1603415502","2020-10-23 01:11:42","0x11dabb0c27c005faf3638c357845dc891005ca21","0x0000000000000000000000000000000000000000","0.062289175761590145","0x12d102f06da35cc0111eb58017fd2cd28537d0e1","Vox.Finance","VOX"
"0x6793cf168077725494c98378830fc5fa150ce5796bf388b9d021b1a0d6be3509","1603415502","2020-10-23 01:11:42","0x11dabb0c27c005faf3638c357845dc891005ca21","0x3d3ee86a2127f4d20b1c533e2c1abd8040da1dd9","3.052169612317917154","0x12d102f06da35cc0111eb58017fd2cd28537d0e1","Vox.Finance","VOX"
"0x23e9aaa393adf76561ca72aa7fff8d7635ea75985c60b92cfd459ca2dbad4e6a","1603486251","2020-10-23 20:50:51","0xb1b537b7272ba1eda0086e2f480adca72c0b511c","0x11dabb0c27c005faf3638c357845dc891005ca21","18.672806289908099729","0x776ca7ded9474829ea20ad4a5ab7a6ffdb64c796","TenSpeed.finance","TENS"
"0xa76a406eb561b6f0362def445b4b4cd0b2ce60fc0f8dc769fa929e3c7143daf4","1603487478","2020-10-23 21:11:18","0x11dabb0c27c005faf3638c357845dc891005ca21","0xb1b537b7272ba1eda0086e2f480adca72c0b511c","18.439396211284248483","0x776ca7ded9474829ea20ad4a5ab7a6ffdb64c796","TenSpeed.finance","TENS"
"0xa76a406eb561b6f0362def445b4b4cd0b2ce60fc0f8dc769fa929e3c7143daf4","1603487478","2020-10-23 21:11:18","0x11dabb0c27c005faf3638c357845dc891005ca21","0x0000000000000000000000000000000000000000","0.046682015724770249","0x776ca7ded9474829ea20ad4a5ab7a6ffdb64c796","TenSpeed.finance","TENS"
"0xa76a406eb561b6f0362def445b4b4cd0b2ce60fc0f8dc769fa929e3c7143daf4","1603487478","2020-10-23 21:11:18","0x11dabb0c27c005faf3638c357845dc891005ca21","0xf983ecf91195bd63de8445997082680e688749bc","0.186728062899080997","0x776ca7ded9474829ea20ad4a5ab7a6ffdb64c796","TenSpeed.finance","TENS"
"0x26abfb4008824d028622203ca2792f1e00c0f26c06f83ff7e58eb188382ff22d","1603633226","2020-10-25 13:40:26","0x3a5baea0c276e1917806521b4db4f23179f512c3","0x11dabb0c27c005faf3638c357845dc891005ca21","43.160466851877124247","0x1e15abf152067e9fe4a48bbf094a71f5bb16325d","socket.finance","SFI"
"0x0cb6ffc1c29d75a61c5338784b7e4bed02c9109c730f2639a5b8c8488d01ee89","1603675511","2020-10-26 01:25:11","0x3a5baea0c276e1917806521b4db4f23179f512c3","0x11dabb0c27c005faf3638c357845dc891005ca21","65.800599150137867373","0x1e15abf152067e9fe4a48bbf094a71f5bb16325d","socket.finance","SFI"
"0xbfdef73d81bb7a1fc9aaf50caf4d9b49b590c957805a9683f6917b5990ee510a","1603678671","2020-10-26 02:17:51","0x3a5baea0c276e1917806521b4db4f23179f512c3","0x11dabb0c27c005faf3638c357845dc891005ca21","86.023925503904008156","0x1e15abf152067e9fe4a48bbf094a71f5bb16325d","socket.finance","SFI"
"0xc72cc9cd7c9de6ddef616286153ca3fda360827161a45bfe071b93fa3f8b0d55","1603705807","2020-10-26 09:50:07","0x3a5baea0c276e1917806521b4db4f23179f512c3","0x11dabb0c27c005faf3638c357845dc891005ca21","45.388155860918771209","0x1e15abf152067e9fe4a48bbf094a71f5bb16325d","socket.finance","SFI"
"0x0edabb2d2871fdaa27b00351c604bf9b27305dbf982093945e58080fb7ce1738","1603723283","2020-10-26 14:41:23","0x11dabb0c27c005faf3638c357845dc891005ca21","0x3a5baea0c276e1917806521b4db4f23179f512c3","240.373147366837770985","0x1e15abf152067e9fe4a48bbf094a71f5bb16325d","socket.finance","SFI"
"0x331b3493e7538819ec8060145480f68b3d5adfb2ff5c104bd3e34adedfdfc3a9","1603737335","2020-10-26 18:35:35","0x3a5baea0c276e1917806521b4db4f23179f512c3","0x11dabb0c27c005faf3638c357845dc891005ca21","56.787257468480271998","0x1e15abf152067e9fe4a48bbf094a71f5bb16325d","socket.finance","SFI"
"0xf424d88217721c19b0a7a5b64fc733e82e02d43dd294892d61df1b888194de2a","1603740959","2020-10-26 19:35:59","0x11dabb0c27c005faf3638c357845dc891005ca21","0x3a5baea0c276e1917806521b4db4f23179f512c3","56.787257468480271998","0x1e15abf152067e9fe4a48bbf094a71f5bb16325d","socket.finance","SFI"
"0xdc4bd0e9460c888fb31ad9849550a3fe82b6e2c34ea6be8254ca3164b81dc52f","1603744811","2020-10-26 20:40:11","0x3a5baea0c276e1917806521b4db4f23179f512c3","0x11dabb0c27c005faf3638c357845dc891005ca21","56.7","0x1e15abf152067e9fe4a48bbf094a71f5bb16325d","socket.finance","SFI"
"0x1c79f4ba90334f8090a2077ef4c726924034035566bf1288b26f55dabcbaaf10","1603746915","2020-10-26 21:15:15","0x11dabb0c27c005faf3638c357845dc891005ca21","0x3a5baea0c276e1917806521b4db4f23179f512c3","56.7","0x1e15abf152067e9fe4a48bbf094a71f5bb16325d","socket.finance","SFI"
"0x80ee6a8272364ab8bc3afc07f16dcf03d64b7e411f61f0f123304d8d5ec9b9b5","1603749350","2020-10-26 21:55:50","0x3a5baea0c276e1917806521b4db4f23179f512c3","0x11dabb0c27c005faf3638c357845dc891005ca21","96.039577510367192613","0x1e15abf152067e9fe4a48bbf094a71f5bb16325d","socket.finance","SFI"
"0xcb4a3d1226092ae5baa6c32b39eca57f34077eddb99251e409e10b2227cb10ba","1603805622","2020-10-27 13:33:42","0x11dabb0c27c005faf3638c357845dc891005ca21","0xf1145745ad0abfc7587cfe3b4d1c498be85446c7","96.0395","0x1e15abf152067e9fe4a48bbf094a71f5bb16325d","socket.finance","SFI"
"0x45c627b015ae23f661545c2b9ad486f99d227a69b8df1c2dc5e5ebdaa2de2aab","1603806992","2020-10-27 13:56:32","0x3a5baea0c276e1917806521b4db4f23179f512c3","0x11dabb0c27c005faf3638c357845dc891005ca21","100.636396270687779863","0x1e15abf152067e9fe4a48bbf094a71f5bb16325d","socket.finance","SFI"
"0xbf036ef1eb372b8be18d7336e9dc1692d2fe2a6fca22351ecd327cb2be202d8a","1603807264","2020-10-27 14:01:04","0x11dabb0c27c005faf3638c357845dc891005ca21","0xf1145745ad0abfc7587cfe3b4d1c498be85446c7","100.6364","0x1e15abf152067e9fe4a48bbf094a71f5bb16325d","socket.finance","SFI"
"0x127e1e7db64d33b5be19f26673644a207fa6398c16073aa6f5166948bbb256e4","1603839422","2020-10-27 22:57:02","0xc01e75afbedd5f9b9b8bcc619852d839b182cd38","0x11dabb0c27c005faf3638c357845dc891005ca21","476.948985578999752114","0x892f5a0b08bb7b1eecccc63ef3916ff201c93664","BloodyToken","BLOODY"
"0x243e51b262636ff0059a7e356b88948ee94733850f3223649d4953bcea1dd307","1603840100","2020-10-27 23:08:20","0x11dabb0c27c005faf3638c357845dc891005ca21","0x0000000000000000000000000000000000000000","59.618623197374969014","0x892f5a0b08bb7b1eecccc63ef3916ff201c93664","BloodyToken","BLOODY"
"0x243e51b262636ff0059a7e356b88948ee94733850f3223649d4953bcea1dd307","1603840100","2020-10-27 23:08:20","0x11dabb0c27c005faf3638c357845dc891005ca21","0xc01e75afbedd5f9b9b8bcc619852d839b182cd38","417.3303623816247831","0x892f5a0b08bb7b1eecccc63ef3916ff201c93664","BloodyToken","BLOODY"
"0x6be941ac5f0116cdfc479f5448c67a41487c42dd54ecbd531ab686912af5c684","1603840989","2020-10-27 23:23:09","0x3eb9833bbea994287a2227e3feba0d3dc5d99f05","0x11dabb0c27c005faf3638c357845dc891005ca21","65.212406554069803937","0xa4bad5d040d4464ec5ce130987731f2f428c9307","SporeFinance","SPORE"
"0xc73ea79f6d6b5216889dd728b7f179214b7da368259d269c54297f118f3a1b16","1603843310","2020-10-28 00:01:50","0x11dabb0c27c005faf3638c357845dc891005ca21","0x3eb9833bbea994287a2227e3feba0d3dc5d99f05","65.212406554069803937","0xa4bad5d040d4464ec5ce130987731f2f428c9307","SporeFinance","SPORE"
"0x5bdfb4a1c588bc29199000e9e80772acd990e54be9fcfcf347a6f3dd421b787d","1603844089","2020-10-28 00:14:49","0xf1145745ad0abfc7587cfe3b4d1c498be85446c7","0x11dabb0c27c005faf3638c357845dc891005ca21","196.6759","0x1e15abf152067e9fe4a48bbf094a71f5bb16325d","socket.finance","SFI"
"0x5bdfb4a1c588bc29199000e9e80772acd990e54be9fcfcf347a6f3dd421b787d","1603844089","2020-10-28 00:14:49","0xf1145745ad0abfc7587cfe3b4d1c498be85446c7","0x11dabb0c27c005faf3638c357845dc891005ca21","1.991520837657547805","0x1e15abf152067e9fe4a48bbf094a71f5bb16325d","socket.finance","SFI"
"0x23f45a6ebc2f28b4f3995f164e9fc31c7ecaf57da7c00459a0d36edcb7d76fc2","1603844460","2020-10-28 00:21:00","0x11dabb0c27c005faf3638c357845dc891005ca21","0xf1145745ad0abfc7587cfe3b4d1c498be85446c7","198.6674","0x1e15abf152067e9fe4a48bbf094a71f5bb16325d","socket.finance","SFI"
"0x5374f29f8896c5422909e12b56e44b570922f1f0ef280873fbf887277e69e81e","1603880587","2020-10-28 10:23:07","0xf1145745ad0abfc7587cfe3b4d1c498be85446c7","0x11dabb0c27c005faf3638c357845dc891005ca21","198.6674","0x1e15abf152067e9fe4a48bbf094a71f5bb16325d","socket.finance","SFI"
"0x5374f29f8896c5422909e12b56e44b570922f1f0ef280873fbf887277e69e81e","1603880587","2020-10-28 10:23:07","0xf1145745ad0abfc7587cfe3b4d1c498be85446c7","0x11dabb0c27c005faf3638c357845dc891005ca21","1.922223067080462833","0x1e15abf152067e9fe4a48bbf094a71f5bb16325d","socket.finance","SFI"
"0x01da7a0b1c90472a735ea2f7b2cfe91769295dd06f9ed2ccd4b8ef466a702f34","1603881013","2020-10-28 10:30:13","0x11dabb0c27c005faf3638c357845dc891005ca21","0x3a5baea0c276e1917806521b4db4f23179f512c3","200.589717685792983114","0x1e15abf152067e9fe4a48bbf094a71f5bb16325d","socket.finance","SFI"
"0x27949b78b66dd8d2eea6bf3fc892c1f37555a80dfa66e35a33a0a1927ab99602","1603889559","2020-10-28 12:52:39","0x87febfb3ac5791034fd5ef1a615e9d9627c2665d","0x11dabb0c27c005faf3638c357845dc891005ca21","3.282573714347304858","0x1ceb5cb57c4d4e2b2433641b95dd330a33185a44","Keep3rV1","KP3R"
"0xc8a96056de4b1873699637bdc110722c7ece859f1be858a7489f90e6ad80958b","1603891880","2020-10-28 13:31:20","0x87febfb3ac5791034fd5ef1a615e9d9627c2665d","0x11dabb0c27c005faf3638c357845dc891005ca21","10.867721953828011568","0x1ceb5cb57c4d4e2b2433641b95dd330a33185a44","Keep3rV1","KP3R"
"0x4d748d74b5236888a5daed329d136d504e89ec61ee5b0c05acb09e21797cbc9f","1603892604","2020-10-28 13:43:24","0x11dabb0c27c005faf3638c357845dc891005ca21","0x87febfb3ac5791034fd5ef1a615e9d9627c2665d","14.150295668175316426","0x1ceb5cb57c4d4e2b2433641b95dd330a33185a44","Keep3rV1","KP3R"
"0xdbd357d8712b3372933ff12110c1851e5fc43696ceb89246b6f6e40c19560ae4","1603893777","2020-10-28 14:02:57","0x87febfb3ac5791034fd5ef1a615e9d9627c2665d","0x11dabb0c27c005faf3638c357845dc891005ca21","14.403941064206493542","0x1ceb5cb57c4d4e2b2433641b95dd330a33185a44","Keep3rV1","KP3R"
"0x92ce4d58b1a770aa89b30e5aecebe2f4569a9a5cc5b060331eee3087f14f5c21","1603893932","2020-10-28 14:05:32","0x11dabb0c27c005faf3638c357845dc891005ca21","0x87febfb3ac5791034fd5ef1a615e9d9627c2665d","14.403941064206493542","0x1ceb5cb57c4d4e2b2433641b95dd330a33185a44","Keep3rV1","KP3R"
"0xa75a9ecb287039218446639d217da828e4f848f7ff58e8ab1c75567a077b3dee","1603894044","2020-10-28 14:07:24","0x32ce7e48debdccbfe0cd037cc89526e4382cb81b","0x11dabb0c27c005faf3638c357845dc891005ca21","1.589295272955458376","0x62359ed7505efc61ff1d56fef82158ccaffa23d7","cVault.finance","CORE"
"0xcdfdebac19dcaec522fceef6ee29d416dd752a31c4d14b21078f800d6edaca0b","1603895963","2020-10-28 14:39:23","0x11dabb0c27c005faf3638c357845dc891005ca21","0x32ce7e48debdccbfe0cd037cc89526e4382cb81b","1.573402320225903793","0x62359ed7505efc61ff1d56fef82158ccaffa23d7","cVault.finance","CORE"
"0xcdfdebac19dcaec522fceef6ee29d416dd752a31c4d14b21078f800d6edaca0b","1603895963","2020-10-28 14:39:23","0x11dabb0c27c005faf3638c357845dc891005ca21","0xc5cacb708425961594b63ec171f4df27a9c0d8c9","0.015892952729554583","0x62359ed7505efc61ff1d56fef82158ccaffa23d7","cVault.finance","CORE"
"0x3a0e13dd800e11e35948bf27d4e3cd256fa30483b26693f3aa14d309ecfbe9a5","1603915194","2020-10-28 19:59:54","0x1d6432aefeae2c0ff1393120541863822a4e6fa7","0x11dabb0c27c005faf3638c357845dc891005ca21","2.633593388642448234","0x28cb7e841ee97947a86b06fa4090c8451f64c0be","YFLink","YFL"
"0x1e1b757ff95c74a1ee0828d91b9a9987db474b90360663797658b8a96c41ec2c","1603915506","2020-10-28 20:05:06","0x11dabb0c27c005faf3638c357845dc891005ca21","0x1d6432aefeae2c0ff1393120541863822a4e6fa7","2.633593388642448234","0x28cb7e841ee97947a86b06fa4090c8451f64c0be","YFLink","YFL"
"0x4ebad4a9e6dcb8e01b702667565c2e39beef0f9731f0cd85e79f2eeaf6263637","1603980011","2020-10-29 14:00:11","0x87febfb3ac5791034fd5ef1a615e9d9627c2665d","0x11dabb0c27c005faf3638c357845dc891005ca21","18.276396108740693712","0x1ceb5cb57c4d4e2b2433641b95dd330a33185a44","Keep3rV1","KP3R"
"0x2d23b23f897daa24b1340944f54e994f60ba2d83199b91d64ae2d37e87a8b328","1603980221","2020-10-29 14:03:41","0x11dabb0c27c005faf3638c357845dc891005ca21","0x87febfb3ac5791034fd5ef1a615e9d9627c2665d","18.276396108740693712","0x1ceb5cb57c4d4e2b2433641b95dd330a33185a44","Keep3rV1","KP3R"
"0xa9501fddb9b15b46af91c3de060eb88d5642df1c8059266fbbed7dd078477a9f","1603989401","2020-10-29 16:36:41","0xa0f37f8711daec900b4c47d15902c15d6362c6d7","0x11dabb0c27c005faf3638c357845dc891005ca21","10.246451588350477686","0xc89b4a8a121dd3e726fe7515e703936cf83e3350","Kper.network","KPER"
"0xab7dfe2c25a9222bb057d584b58c63b9927b833db3c0302073bd3f0bd423651b","1603989867","2020-10-29 16:44:27","0xa0f37f8711daec900b4c47d15902c15d6362c6d7","0x11dabb0c27c005faf3638c357845dc891005ca21","20.177849098359184266","0xc89b4a8a121dd3e726fe7515e703936cf83e3350","Kper.network","KPER"
"0x85adc69a287fdb1b02658e89f4f6b53285c1d3265fbddd86f078540ba4b7a349","1603992528","2020-10-29 17:28:48","0xa0f37f8711daec900b4c47d15902c15d6362c6d7","0x11dabb0c27c005faf3638c357845dc891005ca21","29.540134265621835631","0xc89b4a8a121dd3e726fe7515e703936cf83e3350","Kper.network","KPER"
"0x9cc02535c7295b3ac8a891caefbc017f9e7253c0b710feeecd9587987f290ccd","1603998459","2020-10-29 19:07:39","0x11dabb0c27c005faf3638c357845dc891005ca21","0xa0f37f8711daec900b4c47d15902c15d6362c6d7","59.964434952331497583","0xc89b4a8a121dd3e726fe7515e703936cf83e3350","Kper.network","KPER"
"0x7bed9672561a771d3a81716222efe67a13cf9f738c7710e715d1d31d23eb450d","1604001128","2020-10-29 19:52:08","0xa0f37f8711daec900b4c47d15902c15d6362c6d7","0x11dabb0c27c005faf3638c357845dc891005ca21","149.9711741309671429","0xc89b4a8a121dd3e726fe7515e703936cf83e3350","Kper.network","KPER"
"0xd2f31d18558b93950095bd6bbbfadc481954fe180de9b10b32df12fd67bdcbb5","1604001367","2020-10-29 19:56:07","0x11dabb0c27c005faf3638c357845dc891005ca21","0xa0f37f8711daec900b4c47d15902c15d6362c6d7","149.9711741309671429","0xc89b4a8a121dd3e726fe7515e703936cf83e3350","Kper.network","KPER"
"0xeb403fefb6e2c11170eeb648169a66be50577589a67dcb8cd22bea02e67ef6bb","1604002712","2020-10-29 20:18:32","0xa0f37f8711daec900b4c47d15902c15d6362c6d7","0x11dabb0c27c005faf3638c357845dc891005ca21","149.9711741309671429","0xc89b4a8a121dd3e726fe7515e703936cf83e3350","Kper.network","KPER"
"0x6f5eb8f1370ee577cc53b189dd2718176286058fa34909ad3c0520ba4fece587","1604003636","2020-10-29 20:33:56","0x11dabb0c27c005faf3638c357845dc891005ca21","0xa0f37f8711daec900b4c47d15902c15d6362c6d7","149.9711741309671429","0xc89b4a8a121dd3e726fe7515e703936cf83e3350","Kper.network","KPER"
